id,name,latitude,longitude,barangay,designation,source,source_date,active,capacity,notes
BASEY-EC-01,Basey I Central Elementary School,11.2816812,125.0680849,Loyo (Pob.),Existing evacuation center/facility (source inventory status),Municipal Disaster Risk Reduction and Management Office of Basey (MDRRMO) — researcher-transcribed scoped extract,,true,,"Normalized from 9 source coordinate row(s). PSA polygon match: Loyo (Pob.). Transcribed from a photographed MDRRMO inventory supplied directly to the researcher; out-of-scope centers shown in the image were excluded. The source image and its publication date are not yet archived in the repository. Source point labels: EC1, EC2, EC3, EC4, EC5, EC6, EC7, EC8, EC9."
BASEY-EC-02,St. Michael Parish Church,11.2809917,125.0700333,Mercado (Pob.),Existing evacuation center/facility (source inventory status),Municipal Disaster Risk Reduction and Management Office of Basey (MDRRMO) — researcher-transcribed scoped extract,,true,,Normalized from 1 source coordinate row(s). PSA polygon match: Mercado (Pob.). Transcribed from a photographed MDRRMO inventory supplied directly to the researcher; out-of-scope centers shown in the image were excluded. The source image and its publication date are not yet archived in the repository.
BASEY-EC-03,Evacuation Facility,11.2808222,125.0678889,Loyo (Pob.),Existing evacuation center/facility (source inventory status),Municipal Disaster Risk Reduction and Management Office of Basey (MDRRMO) — researcher-transcribed scoped extract,,true,,Normalized from 1 source coordinate row(s). PSA polygon match: Loyo (Pob.). Transcribed from a photographed MDRRMO inventory supplied directly to the researcher; out-of-scope centers shown in the image were excluded. The source image and its publication date are not yet archived in the repository.
BASEY-EC-04,Municipal Gymnasium,11.2802667,125.0694694,Mercado (Pob.),Existing evacuation center/facility (source inventory status),Municipal Disaster Risk Reduction and Management Office of Basey (MDRRMO) — researcher-transcribed scoped extract,,true,,Normalized from 1 source coordinate row(s). PSA polygon match: Mercado (Pob.). Transcribed from a photographed MDRRMO inventory supplied directly to the researcher; out-of-scope centers shown in the image were excluded. The source image and its publication date are not yet archived in the repository.
BASEY-EC-05,Municipal Town Hall,11.2801833,125.0690722,Mercado (Pob.),Existing evacuation center/facility (source inventory status),Municipal Disaster Risk Reduction and Management Office of Basey (MDRRMO) — researcher-transcribed scoped extract,,true,,Normalized from 1 source coordinate row(s). PSA polygon match: Mercado (Pob.). Transcribed from a photographed MDRRMO inventory supplied directly to the researcher; out-of-scope centers shown in the image were excluded. The source image and its publication date are not yet archived in the repository.
BASEY-EC-06,Basey District Hospital (BDH),11.2793167,125.0651528,Loyo (Pob.),Existing evacuation center/facility (source inventory status),Municipal Disaster Risk Reduction and Management Office of Basey (MDRRMO) — researcher-transcribed scoped extract,,true,,Normalized from 1 source coordinate row(s). PSA polygon match: Loyo (Pob.). Transcribed from a photographed MDRRMO inventory supplied directly to the researcher; out-of-scope centers shown in the image were excluded. The source image and its publication date are not yet archived in the repository.
BASEY-EC-07,Community Evacuation Center (Sitio Bangon),11.2813556,125.0678889,Loyo (Pob.),Existing evacuation center/facility (source inventory status),Municipal Disaster Risk Reduction and Management Office of Basey (MDRRMO) — researcher-transcribed scoped extract,,true,,Normalized from 1 source coordinate row(s). PSA polygon match: Loyo (Pob.). Transcribed from a photographed MDRRMO inventory supplied directly to the researcher; out-of-scope centers shown in the image were excluded. The source image and its publication date are not yet archived in the repository.
BASEY-EC-08,Basey Manpower Training Center,11.2803806,125.0697167,Mercado (Pob.),Existing evacuation center/facility (source inventory status),Municipal Disaster Risk Reduction and Management Office of Basey (MDRRMO) — researcher-transcribed scoped extract,,true,,Normalized from 1 source coordinate row(s). PSA polygon match: Mercado (Pob.). Transcribed from a photographed MDRRMO inventory supplied directly to the researcher; out-of-scope centers shown in the image were excluded. The source image and its publication date are not yet archived in the repository.
BASEY-EC-09,ABC Hall,11.2808611,125.0695139,Mercado (Pob.),Existing evacuation center/facility (source inventory status),Municipal Disaster Risk Reduction and Management Office of Basey (MDRRMO) — researcher-transcribed scoped extract,,true,,Normalized from 1 source coordinate row(s). PSA polygon match: Mercado (Pob.). Transcribed from a photographed MDRRMO inventory supplied directly to the researcher; out-of-scope centers shown in the image were excluded. The source image and its publication date are not yet archived in the repository.
