Source Image,Source Row,Barangay,Hazard,Susceptibility,Likelihood Score,Flood Depth,Barangay Population,Households,Residential Area (ha),Population Density,Affected Residential Area (ha),Affected Households,Affected Population,Reported Exposure %,Calculated Exposure %,Exposure % Difference,Reported Exposure Score,Calculated Exposure Score,Informal Settlers Count,Informal Settlers %,Informal Settlers Score,Light-material Households Count,Light-material Households %,Light-material Score,Young/Old Dependents Count,Young/Old Dependents %,Young/Old Score,Persons with Disabilities Count,Persons with Disabilities %,PWD Score,Below-poverty Households Count,Below-poverty %,Below-poverty Score,Malnourished Individuals Count,Malnourished %,Malnourished Score,Infrastructure Access %,Infrastructure Access Score,Financial Assistance %,Financial Assistance Score,Retrofit/Relocate Capacity %,Retrofit/Relocate Score,Information Access %,Information Access Score,Government Intervention Capacity,Government Intervention Score,Vulnerability Score,Reported Consequence Score,Calculated Consequence Score,Consequence Difference,Reported Risk Score,Calculated Risk Score,Risk Difference,Calculated Risk Category,Calculated Risk Level,Calculated Land-use Control,OCR Confidence Avg,QA Flags,Source Table
1.svg,1,Amandayehan,Liquefaction,Low,3,,1081,196,8.863,122,4.755,188,572,0.5291,0.5291396854764108,3.9685476410755705e-05,4,4,0,0,1,42,0.038900000000000004,1,266,0.24609999999999999,4,10,0.009300000000000001,1,34,0.0315,1,3,0.0028000000000000004,1,0.3,1,0,4,0.14,,1,1,Low,4,1.95,2.98,2.975,0.004999999999999893,8.93,8.925,0.004999999999999005,Moderate,Tolerable,Discretionary,89,,Table 14
1.svg,2,Amandayehan,Liquefaction,High,5,,504,130,8.863,57,4.755,36,330,0.6548,0.6547619047619048,3.809523809528148e-05,4,4,0,0,1,43,0.08529999999999999,2,157,0.3115,4,3,0.006,1,40,0.0794,2,0,0,1,0.3,1,0,4,0.2,1,1,1,Moderate,3,1.92,2.96,2.96,0,14.73,14.8,0.07000000000000028,High,Intolerable,Restricted,89.6,,Table 14
1.svg,3,Bacubac,Liquefaction,High,5,,1268,124,8.863,143,4.992,168,543,0.4282,0.4282334384858044,3.343848580439346e-05,4,4,0,0,1,25,0.0197,1,243,0.19640000000000002,3,11,0.0087,1,53,0.0418,1,0,0,1,0.2,1,0,4,0.3,1,1,1,High,2,157,2.78,80.5,77.72,13.92,402.5,388.58,High,Intolerable,Restricted,90.4,Reported consequence score differs from calculated by >0.20; Reported risk score differs from calculated by >0.75,Table 14
1.svg,4,Balante,Liquefaction,Low,3,,648,175,3.344,194,3.344,163,657,1.0139,1.0138888888888888,1.1111111111183902e-05,4,4,0,0,1,116,0.179,3,231,0.4336,4,5,0.0231,1,35,0.1466,3,0,0,1,0.3,1,0,4,0.2,1,1,1,Moderate,3,2.08,3.04,3.04,0,3.13,9.120000000000001,5.990000000000001,Moderate,Tolerable,Discretionary,91.3,Reported risk score differs from calculated by >0.75,Table 14
1.svg,5,Balud,Liquefaction,High,5,,1202,220,5.77,208,5.77,260,895,0.7445999999999999,0.7445923460898503,7.653910149674203e-06,4,4,0,0,1,7,0.0058,1,434,0.3611,4,3,0.0075,1,123,0.1023,3,23,0.0241,1,0.3,1,0,4,0.6,1,1,1,Moderate,3,1.92,2.96,2.96,0,14.73,14.8,0.07000000000000028,High,Intolerable,Restricted,90.5,,Table 14
1.svg,6,Basiao,Liquefaction,High,5,,1428,246,3.463,412,3.463,175,1005,0.7038,0.7037815126050421,1.8487394957911185e-05,4,4,0,0,1,23,0.0203,1,270,0.18309999999999998,3,10,0.006999999999999999,1,52,0.0364,1,,0.005600000000000001,1,0.1,3,0,4,0.6,1,1,1,Moderate,3,1.87,2.93,2.935,0.004999999999999893,14.67,14.675,0.005000000000000782,High,Intolerable,Restricted,87.4,,Table 14
1.svg,7,Buenavista,Liquefaction,High,5,,590,17,5.663,104,5.663,193,716,1.2136,1.2135593220338983,4.0677966101743124e-05,4,4,0,0,1,106,0.17370000000000002,3,271,0.4593,4,1,0.0017000000000000001,1,73,0.13390000000000002,3,0,0,1,0.4,1,0,4,0.1,3,1,1,Moderate,3,2.28,3.14,3.1399999999999997,4.440892098500626e-16,15.71,15.7,0.010000000000001563,High,Intolerable,Restricted,88.9,,Table 14
1.svg,8,Bulao,Liquefaction,Low,3,,1373,248,8.773,157,3.718,194,762,0.5526,0.5549890750182083,0.0023890750182082865,4,4,0,0,1,148,0.1073,3,331,0.24,4,13,0.009399999999999999,1,142,0.10300000000000001,3,2,0.0015,1,0.7,1,0,4,0.2,1,1,1,Moderate,3,2.08,3.04,3.04,0,3.13,9.120000000000001,5.990000000000001,Moderate,Tolerable,Discretionary,91,Reported risk score differs from calculated by >0.75,Table 14
1.svg,9,Bulao,Liquefaction,Moderate,4,,1373,248,8.773,157,5.77,17,610,0.44229999999999997,0.4442825928623452,0.001982592862345256,4,4,0,0,1,121,0.0877,2,292,0.21170000000000003,4,8,0.0058,1,104,0.0754,2,3,0.0022,1,0.7,1,0,4,0.2,1,1,1,Moderate,3,1.92,2.96,2.96,0,11.83,11.84,0.009999999999999787,Moderate,Tolerable,Discretionary,86.2,,Table 14
1.svg,10,Burgos,Liquefaction,Low,3,,307,241,7.331,124,0.66,16,57,0.06280000000000001,0.18566775244299674,0.12286775244299673,2,3,0,0,1,12,0.0132,1,30,0.0331,1,0,0,1,7,0.0077,1,1,0.0011,1,0.2,1,0,4,0.7,1,1,1,Moderate,3,1.5,1.75,2.25,0.5,5.25,6.75,1.5,Moderate,Tolerable,Discretionary,90.6,Exposure % differs from affected population / population by >2 percentage points,Table 14
1.svg,11,Burgos,Liquefaction,Moderate,4,,307,241,7.331,124,0.66,268,795,0.8765000000000001,2.58957654723127,1.7130765472312701,4,4,0,0,1,111,0.12240000000000001,3,381,0.4201,4,20,0.022099999999999998,1,60,0.0662,2,2,0.0022,1,0.2,1,0,4,0.7,1,1,1,Moderate,3,2,3,3,0,12,12,0,High,Intolerable,Restricted,92.1,Exposure % differs from affected population / population by >2 percentage points,Table 14
1.svg,12,Burgos,Liquefaction,High,5,,307,241,0.66,1374,0.66,8,14,0.0154,0.04560260586319218,0.03020260586319218,1,1,0,0,1,3,0.0033,1,3,0.0033,1,0,0,1,1,0.0011,1,0,0,1,0.2,1,0,4,0.7,1,1,1,Moderate,3,1.5,1.25,1.25,0,6.25,6.25,0,Moderate,Tolerable,Discretionary,89.2,Exposure % differs from affected population / population by >2 percentage points,Table 14
1.svg,13,Buscada,Liquefaction,High,5,,383,191,3.786,103,3.786,64,231,0.7223999999999999,0.6031331592689295,0.11926684073107041,4,4,0,0,1,23,0.0265,1,114,0.1315,3,3,0.0034999999999999996,1,27,0.0311,1,0,0,1,0.05,4,0,4,0.3,1,1,1,High,2,1.87,2.93,2.935,0.004999999999999893,14.67,14.675,0.005000000000000782,High,Intolerable,Restricted,91.1,Exposure % differs from affected population / population by >2 percentage points,Table 14
1.svg,14,Can-abay,Liquefaction,Low,3,,1511,277,21.129,72,21.129,323,1112,0.7359,0.7359364659166115,3.6465916611549964e-05,4,4,0,0,1,7,0.07743,4,474,0.31363,4,7,0.0046300000000000004,4,156,0.10324,4,0,0,1,0.3,1,0,4,0.3,41,1,1,Moderate,3,2.5,3.25,3.25,0,9.75,9.75,0,Moderate,Tolerable,Discretionary,89.7,,Table 14
1.svg,15,Can-abay,Liquefaction,Moderate,4,,511,277,0.402,3753,0.402,1,4,0.0026,0.007827788649706457,0.005227788649706458,1,1,0,0,1,0,0,1,0,0,1,0,0,1,0,0,1,0,0,1,0.3,1,0,4,0.3,41,1,1,Moderate,3,1.5,1.25,1.25,0,5,5,0,Moderate,Tolerable,Discretionary,88.3,,Table 14
1.svg,16,Canmanila,Liquefaction,High,5,,1532,242,8.858,173,8.858,232,2042,1.3329,1.3328981723237598,1.8276762401292501e-06,4,4,0,0,1,87,0.056799999999999996,4,425,0.2774,4,31,0.0202,4,64,0.0418,4,4,0.0026,4,0.05,4,0,4,0.3,1,1,1,Low,4,3.15,3.58,3.575,0.004999999999999893,17.88,17.875,0.004999999999999005,High,Intolerable,Restricted,87.6,,Table 14
1.svg,17,Canca-iyas,Liquefaction,Low,3,,380,127,4.222,30,4.222,150,374,0.9842,0.9842105263157894,1.0526315789460838e-05,4,4,0,0,1,70,0.18420999999999998,4,143,0.3321,4,0,0,1,67,0.17631,4,0,0,1,0.7,1,0,4,0.1,3,1,1,Moderate,3,2.45,3.23,3.225,0.004999999999999893,9.68,9.675,0.004999999999999005,Moderate,Tolerable,Discretionary,90.8,,Table 14
1.svg,18,Catadman,Liquefaction,Moderate,4,,704,175,0.177,3377,1.431,1,1,0.0014000000000000002,0.0014204545454545455,2.045454545454529e-05,1,1,0,0,1,0,0,1,0,0,1,0,0,1,0,0,1,0,0,1,0.5,1,0,4,0.3,41,1,1,Low,4,1.6,1.3,1.3,0,5.2,5.2,0,Moderate,Tolerable,Discretionary,87.4,,Table 14
1.svg,19,Catadman,Liquefaction,High,5,,704,175,1.431,492,1.431,32,137,0.1946,0.19460227272727273,2.2727272727396386e-06,,3,0,0,1,25,0.0355,4,64,0.030299999999999997,4,5,0.0070999999999999995,4,18,0.0256,4,0,0,1,0.5,1,0,4,0.3,41,1,1,Low,4,2.6,2.8,2.8,0,14,14,0,High,Intolerable,Restricted,88.4,,Table 14
1.svg,20,Cogon,Liquefaction,Low,3,,1256,174,3.473,361,3.473,177,663,0.5326,0.5278662420382165,0.004733757961783436,4,4,0,0,1,123,0.09792,4,310,0.24681,4,3,0.00716,4,84,0.06687,4,56,0.04458,4,0.06,3,0,4,0.4,1,1,1,Moderate,3,2.95,3.48,3.475,0.004999999999999893,10.43,10.425,0.004999999999999005,Moderate,Tolerable,Discretionary,89.8,,Table 14
1.svg,21,Cogon,Liquefaction,Moderate,4,,1256,174,1.603,784,3.473,187,584,0.465,0.46496815286624205,3.184713375797843e-05,4,4,0,0,1,35,0.06287,4,237,0.15683999999999998,4,4,0.00264,4,37,0.02448,4,28,0.01857,4,0.6,1,0,4,0.4,1,1,1,Moderate,3,2.75,3.38,3.375,0.004999999999999893,13.5,13.5,0,High,Intolerable,Restricted,90.1,,Table 14
1.svg,22,Del Pilar,Liquefaction,Moderate,4,,1037,256,7.005,157,0.122,307,1092,0.9954000000000001,1.0530376084860174,0.05763760848601729,4,4,0,0,1,168,0.15314,4,528,0.48131,4,19,0.017310000000000002,4,133,0.12122999999999999,4,1,0.00031,2,0.6,1,0,4,0.1,3,1,1,Moderate,3,2.78,3.33,3.3899999999999997,0.05999999999999961,13.57,13.559999999999999,0.010000000000001563,High,Intolerable,Restricted,89.7,Exposure % differs from affected population / population by >2 percentage points,Table 14
2.svg,1,Del Pilar,Liquefaction,High,5,,1037,256,0.122,8992,0.122,3,3,0.0027,0.0028929604628736743,0.00019296046287367412,,1,4007,0,,4,0.00182,,2,0.00182,,38,0,4,2,0.00182,,0,0,40,0.6,40,0,4,0.1,3,1,4,Moderate,3,2.2,1.6,1.6,0,8,8,0,Moderate,Tolerable,Discretionary,73.4,Low average OCR confidence,Table 14
2.svg,2,Dolongan,Liquefaction,Low,3,,182,1,2.298,514,2.298,36,327,0.2766,1.7967032967032968,1.5201032967032968,4,4,0,0,1,43,0.03637,,140,0.11843999999999999,4,1,0.00084,2,22,0.01861,4,4,0.00338,4,0.8,1,0,4,0.6,1,1,1,Moderate,3,2.58,3.23,3.29,0.06000000000000005,9.88,9.870000000000001,0.009999999999999787,Moderate,Tolerable,Discretionary,88,Exposure % differs from affected population / population by >2 percentage points,Table 14
2.svg,3,Dolongan,Liquefaction,Moderate,4,,182,1,5.912,200,5.912,253,812,0.687,4.461538461538462,3.7745384615384614,4,4,0,0,1,118,0.03383,4,363,0.31218,4,5,0.00423,4,62,0.052450000000000004,4,0,0,1,0.8,1,0,4,0.6,1,1,1,Moderate,3,2.5,3.25,3.25,0,13,13,0,High,Intolerable,Restricted,87.8,Exposure % differs from affected population / population by >2 percentage points,Table 14
2.svg,4,Guintigui-an,Liquefaction,Moderate,4,,449,93,2.063,216,2.063,35,449,1,1,0,4,4,0,0,1,76,0.16326000000000002,,221,0.49219999999999997,4,4,0.0083,4,57,0.00222,4,0,0,1,0.1,3,0,4,0.2,1,1,1,High,2,2.6,3.3,3.3,0,13.2,13.2,0,High,Intolerable,Restricted,89.1,,Table 14
2.svg,5,Guirang,Liquefaction,Low,3,,3075,306,10.836,284,10.836,498,1829,0.5347999999999999,0.5947967479674797,0.05999674796747978,4,4,0,0,1,244,79.34,4,886,0.28813,4,22,0.00715,4,173,0.05821,4,1,0.00032,1,0.6,1,0,4,0.6,1,1,1,Moderate,3,2.5,3.25,3.25,0,3.75,9.75,6,Moderate,Tolerable,Discretionary,89.1,Exposure % differs from affected population / population by >2 percentage points; Reported risk score differs from calculated by >0.75,Table 14
2.svg,6,Guirang,Liquefaction,Moderate,4,,3075,306,7.029,437,10.836,220,784,0.255,0.2549593495934959,4.065040650408358e-05,4,4,0,0,1,120,0.03302,4,348,0.11317,4,6,0.0019500000000000001,3,50,0.01626,4,3,0.00037,2,0.6,1,0,4,0.6,1,1,1,Moderate,3,2.5,3.25,3.25,0,13,13,0,High,Intolerable,Restricted,89.4,,Table 14
2.svg,7,Iba,Liquefaction,High,5,,575,142,3.078,187,3.078,87,270,0.4636,0.46956521739130436,0.005965217391304345,4,4,,0,1,41,0.07118000000000001,4,63,0.10937,4,5,0.00868,4,11,0.01303,4,1,0.0017299999999999998,3,0.4,1,0,4,0.4,1,1,1,Moderate,3,2.67,3.33,3.335,0.004999999999999893,16.67,16.675,0.004999999999999005,High,Intolerable,Restricted,86.9,,Table 14
2.svg,8,Inuntan,Liquefaction,Low,3,,712,165,8.841,81,4.841,141,514,0.7219,0.7219101123595506,1.0112359550618066e-05,4,4,0,0,1,65,0.03123,4,475,0.6671299999999999,4,10,0.014039999999999999,4,59,0.08285999999999999,4,2,0.26,4,0.1,3,0,4,0.2,1,1,1,Moderate,3,2.95,3.48,3.475,0.004999999999999893,10.43,10.425,0.004999999999999005,Moderate,Tolerable,Discretionary,89.4,,Table 14
2.svg,9,Inuntan,Liquefaction,Moderate,4,,712,165,1.607,443,4.841,31,206,0.2693,0.2893258426966292,0.020025842696629215,4,4,0,0,1,38,0.05337,,101,0.14185,4,2,0.0028000000000000004,4,22,0.030830000000000003,4,3,0.00421,4,0.1,3,0,4,0.2,1,1,1,Moderate,3,2.95,3.48,3.475,0.004999999999999893,13.9,13.9,0,High,Intolerable,Restricted,84.2,Exposure % differs from affected population / population by >2 percentage points,Table 14
2.svg,10,Lawa-an,Liquefaction,High,5,,593,147,0.805,744,0.805,97,328,0.5476,0.5531197301854974,0.005519730185497451,4,4,0,0,1,25,0.04173,4,125,0.20068000000000003,4,1,0.00166,3,19,0.031709999999999995,4,0,0,1,0,4,0,4,1,1,1,1,High,2,2.62,3.31,3.31,0,16.54,16.55,0.010000000000001563,High,Intolerable,Restricted,90.8,,Table 14
2.svg,11,Loog,Liquefaction,Low,3,,1556,223,1.586,981,1.586,42,153,0.0983,0.09832904884318766,2.904884318766232e-05,2,2,0,0,1,31,0.01332,4,60,0.03856,4,3,0.00192,3,23,0.01863,4,3,0.00192,3,0.3,1,0,4,0.2,1,1,1,High,2,2.48,2.24,2.24,0,6.73,6.720000000000001,0.009999999999999787,Moderate,Tolerable,Discretionary,88.9,,Table 14
2.svg,12,Loog,Liquefaction,Moderate,4,,1556,223,2.053,758,1.586,357,1408,0.9048999999999999,0.9048843187660668,1.568123393314025e-05,4,4,0,0,1,204,0.1311,4,661,0.42479999999999996,4,20,0.012849999999999999,4,238,0.15295,,0,0,1,0.3,1,0,4,0.2,1,1,1,High,2,2.4,3.2,3.2,0,12.8,12.8,0,High,Intolerable,Restricted,89.6,,Table 14
2.svg,13,Mabini,Liquefaction,Low,3,,2361,236,11.472,243,11.472,500,1343,0.6812,0.5688267683185091,0.11237323168149094,4,4,0,0,1,314,0.10375,,305,0.31632,4,30,0.01048,4,265,0.03262,4,5,0.0017399999999999998,3,0.4,1,0,4,0.2,1,1,1,Moderate,3,2.67,3.33,3.335,0.004999999999999893,10,10.004999999999999,0.004999999999999005,Moderate,Tolerable,Discretionary,89.3,Exposure % differs from affected population / population by >2 percentage points,Table 14
2.svg,14,Magallanes,Liquefaction,High,5,,621,162,5.047,123,5.047,184,634,1.0209000000000001,1.0209339774557167,3.397745571653843e-05,4,4,0,0,1,102,0.16425,4,342,0.55072,4,1,0.027370000000000002,4,47,5.68,4,1,0.00161,3,0.4,1,0,4,0.2,1,1,1,Moderate,3,2.67,3.33,3.335,0.004999999999999893,16.67,16.675,0.004999999999999005,High,Intolerable,Restricted,87,,Table 14
2.svg,15,Manlilinab,Liquefaction,Low,3,,229,54,2.525,31,,59,228,0.3356,0.9956331877729258,0.6600331877729257,4,4,0,0,1,50,0.21834,,124,0.5414800000000001,4,0,0,1,47,0.20524,,0,0,1,0.8,1,0,4,0.1,3,1,1,Low,4,2.55,3.28,3.275,0.004999999999999893,9.83,9.825,0.005000000000000782,Moderate,Tolerable,Discretionary,88.3,Exposure % differs from affected population / population by >2 percentage points,Table 14
2.svg,16,May-it,Liquefaction,Low,3,,607,145,3.832,158,3.832,168,601,0.9901000000000001,0.9901153212520593,1.5321252059163903e-05,4,4,0,0,1,84,0.13838,4,,0.45634,4,11,0.01812,4,83,0.14662,,0,0,1,0.3,1,0,4,0.4,1,1,1,Moderate,3,2.5,3.25,3.25,0,3.75,9.75,6,Moderate,Tolerable,Discretionary,86.1,Reported risk score differs from calculated by >0.75,Table 14
2.svg,17,Mongabong,Liquefaction,Moderate,4,,331,34,1.837,206,1.837,34,389,0.9948999999999999,1.1752265861027191,0.18032658610271923,4,4,0,0,1,63,0.17331,,192,0.43104,4,15,0.03836,4,53,0.13554,4,0,0,1,0.2,1,0,4,0.1,3,1,1,Moderate,3,2.7,3.35,3.35,0,13.4,13.4,0,High,Intolerable,Restricted,86.7,Exposure % differs from affected population / population by >2 percentage points,Table 14
2.svg,18,New San Agustin,Liquefaction,Low,3,,637,123,1528,456,1528,11,37,0.053099999999999994,0.058084772370486655,0.004984772370486661,2,2,0,0,1,6,0.0086,4,15,0.02152,4,0,0,1,8,0.011470000000000001,4,0,0,1,0.2,1,0,4,0.2,1,1,1,Moderate,3,2.25,2.13,2.125,0.004999999999999893,6.38,6.375,0.004999999999999893,Moderate,Tolerable,Discretionary,88.6,,Table 14
2.svg,19,New San Agustin,Liquefaction,Moderate,4,,637,123,1.123,621,,33,229,0.3286,0.35949764521193095,0.030897645211930946,4,4,0,0,1,26,0.0373,4,66,0.09469,4,1,0.0014299999999999998,3,28,0.040170000000000004,4,0,0,1,0.2,1,0,4,0.2,1,1,1,Moderate,3,2.42,3.21,3.21,0,12.83,12.84,0.009999999999999787,High,Intolerable,Restricted,90.6,Exposure % differs from affected population / population by >2 percentage points,Table 14
2.svg,20,New San Agustin,Liquefaction,High,5,,637,123,4.203,166,4.203,148,411,0.5897,0.6452119309262166,0.055511930926216646,4,4,0,0,1,53,0.08464,1,191,0.27403,4,8,0.011470000000000001,4,67,0.09612,4,1,0.0014299999999999998,3,0.2,1,0,4,0.2,1,1,1,Moderate,3,2.67,3.33,3.335,0.004999999999999893,16.67,16.675,0.004999999999999005,High,Intolerable,Restricted,86.2,Exposure % differs from affected population / population by >2 percentage points,Table 14
2.svg,21,Old San Agustin,Liquefaction,Moderate,4,,1846,246,2.488,247,7.105,200,1468,0.7951999999999999,0.7952329360780065,3.29360780065846e-05,4,4,0,0,1,120,0.65,4,324,0.17550999999999997,4,15,0.00812,4,118,0.06392,4,53,0.02871,4,0.1,3,0,4,0.3,1,1,1,Moderate,3,2.95,3.48,3.475,0.004999999999999893,13.9,13.9,0,High,Intolerable,Restricted,90.4,,Table 14
2.svg,22,Old San Agustin,Liquefaction,High,5,,1846,246,7.105,260,7.105,361,1367,0.7404999999999999,0.7405200433369448,2.0043336944830514e-05,4,4,0,0,1,124,0.06717,4,541,0.23306000000000002,,47,0.025459999999999997,4,117,0.06338,4,11,5.95,4,0.1,3,0,4,0.3,1,1,1,Moderate,3,2.95,3.48,3.475,0.004999999999999893,17.38,17.375,0.004999999999999005,High,Intolerable,Restricted,87.8,,Table 14
2.svg,23,Palaypay,Liquefaction,High,5,,1427,251,1.648,866,1.648,117,473,0.3357,0.3314646110721794,0.004235388927820605,4,4,0,0,1,78,0.05466,,193,0.13524,4,,0.0043,4,24,0.016810000000000002,4,0,0,1,0.2,1,0,4,0.6,1,1,1,High,2,2.4,3.2,3.2,0,16,16,0,High,Intolerable,Restricted,90.3,,Table 14
2.svg,24,Panugmonon,Liquefaction,High,5,,636,164,5.731,122,5.731,190,699,1.0014,1.099056603773585,0.09765660377358487,4,4,0,0,1,89,0.1275,4,336,0.48137,4,0,0,1,65,0.03312,4,0,0,1,0.4,1,0,4,0.4,1,1,1,Moderate,3,2.25,3.13,3.125,0.004999999999999893,15.63,15.625,0.005000000000000782,High,Intolerable,Restricted,89.1,Exposure % differs from affected population / population by >2 percentage points,Table 14
2.svg,25,Pelit,Liquefaction,Low,3,,775,176,1.84,421,1.84,68,207,0.2671,0.2670967741935484,3.225806451623292e-06,4,4,0,0,1,41,0.0529,4,116,0.14967,4,3,0.00387,4,41,0.0051600000000000005,4,1,0.00123,3,0.05,4,0,4,0.2,1,1,1,High,2,2.87,3.43,3.435,0.004999999999999893,10.3,10.305,0.004999999999999005,Moderate,Tolerable,Discretionary,88.7,,Table 14
2.svg,26,Pelit,Liquefaction,Moderate,4,,775,176,3.387,194,,150,557,0.7187,0.7187096774193549,9.677419354869876e-06,4,4,0,0,1,58,0.07483,,233,0.30838,,12,0.01548,4,65,0.08387,4,10,0.0129,4,0.05,4,0,4,0.2,1,1,1,High,2,2.95,3.48,3.475,0.004999999999999893,13.9,13.9,0,High,Intolerable,Restricted,88.9,,Table 14
2.svg,27,Roxas,Liquefaction,Moderate,4,,1124,212,11.624,97,11.624,251,410,0.36479999999999996,0.36476868327402134,3.131672597861401e-05,4,4,0,0,1,54,0.04804,,203,0.18059999999999998,4,10,0.00883,4,46,0.04092,4,6,0.0053300000000000005,4,0.2,1,0,4,0.4,1,1,1,Moderate,3,2.75,3.38,3.375,0.004999999999999893,13.5,13.5,0,High,Intolerable,Restricted,88.4,,Table 14
2.svg,28,Roxas,Liquefaction,High,5,,1124,212,8.162,138,8.162,203,589,0.524,0.5240213523131673,2.1352313167244397e-05,4,4,,0,1,65,0.05782,4,243,0.21619,4,13,0.011559999999999999,4,53,0.04715,4,13,0.011559999999999999,4,0.2,1,0,4,0.4,1,1,1,Moderate,3,2.75,3.38,3.375,0.004999999999999893,16.88,16.875,0.004999999999999005,High,Intolerable,Restricted,90.1,,Table 14
2.svg,29,San Antonio,Liquefaction,Low,3,,1561,242,1.984,787,1.984,37,58,0.037200000000000004,0.037155669442664956,4.4330557335048315e-05,1,1,0,0,1,3,0.00192,83,28,0.017929999999999998,4,1,0.00064,2,4,0.00256,4,1,0.00064,2,0.2,1,0,4,0.4,1,1,1,Moderate,3,2.33,1.67,1.665,0.004999999999999893,5,4.995,0.004999999999999893,Low,Tolerable,Controlled/Permitted,88.9,,Table 14
2.svg,30,San Antonio,Liquefaction,Moderate,4,,1651,242,1.621,1019,1.621,1,6,0.0036,0.0036341611144760752,3.416111447607532e-05,1,1,0,0,1,0,0,1,4,0.00256,4,0,0,1,0,0,1,0,0,1,0.2,1,0,4,0.4,1,1,1,Moderate,3,1.75,1.38,1.375,0.004999999999999893,5.5,5.5,0,Moderate,Tolerable,Discretionary,89.8,,Table 14
2.svg,31,San Fernando,Liquefaction,High,5,,1670,310,11.502,145,11.502,338,1071,0.6413,0.641317365269461,1.7365269461055988e-05,4,4,0,0,1,147,0.08802,,506,0.30233,,14,0.00838,4,83,0.00838,4,0,0,1,0.05,4,0,4,0.6,1,1,1,Moderate,3,2.8,3.4,3.4,0,17,17,0,High,Intolerable,Restricted,88.3,,Table 14
3.svg,1,Sawa,Liquefaction,Low,3,,1460,238,0.712,2051,0.712,0,112,,0.07671232876712329,,2,2,0,0,1,2,0.00136,3,27,0.00843,4,1,0.00066,2,10,0.00634,4,0,0,1,0.1,3,0,4,0.3,1,1,1,Moderate,3,2.45,2.23,2.225,0.004999999999999893,6.66,6.675000000000001,0.015000000000000568,Moderate,Tolerable,Discretionary,90.8,Missing core value(s): exposure_percentage,Table 14
3.svg,2,Sawa,Liquefaction,High,5,,1460,238,14.035,104,14.035,373,843,0.5774,0.5773972602739726,2.7397260273787083e-06,4,4,0,0,1,53,0.0363,4,51,0.25821,4,11,0.00753,4,86,0.0583,4,0,0,1,0.1,3,0,4,0.3,1,1,1,Moderate,3,2.7,3.35,3.35,0,16.75,16.75,0,High,Intolerable,Restricted,90.6,,Table 14
3.svg,3,Serum,Liquefaction,High,5,,1036,215,0.344,3186,0.344,25,63,0.0575,0.060810810810810814,0.0033108108108108117,2,2,0,0,1,0,0,1,3,0.0027300000000000002,4,0,0,1,1,0.00031,2,0,0,1,0.6,1,0,4,0.4,1,1,1,Moderate,3,1.83,1.32,1.915,0.595,3.58,9.575,5.994999999999999,Moderate,Tolerable,Discretionary,92.2,Reported consequence score differs from calculated by >0.20; Reported risk score differs from calculated by >0.75,Table 14
3.svg,4,Sugponon,Liquefaction,High,5,,308,76,1.32,160,1.32,83,305,0.33030000000000004,0.9902597402597403,0.6599597402597402,4,4,0,0,1,37,0.12012,4,113,0.36688000000000004,4,4,0.01238,4,27,0.08766,4,6,0.01348,4,0.2,1,0,4,0.02,4,1,1,High,2,2.35,3.48,3.175,0.30500000000000016,17.38,15.875,1.504999999999999,High,Intolerable,Restricted,89,Exposure % differs from affected population / population by >2 percentage points; Reported consequence score differs from calculated by >0.20; Reported risk score differs from calculated by >0.75,Table 14
3.svg,5,Sugca,Liquefaction,High,5,,263,60,1.651,163,1.651,65,244,0.3071,0.9277566539923955,0.6206566539923954,4,4,0,0,1,34,0.12633,4,111,0.41263,4,2,0.00743,4,26,0.03665,4,0,0,1,0.2,1,0,4,0.1,3,1,1,High,2,2.6,3.3,3.3,0,16.5,16.5,0,High,Intolerable,Restricted,94.4,Exposure % differs from affected population / population by >2 percentage points,Table 14
3.svg,6,Tingib,Liquefaction,Moderate,4,,2556,301,2.7,347,2.7,47,31,0.0356,0.012128325508607199,0.0234716744913928,1,1,0,0,1,5,0.0019500000000000001,3,23,0.01035,4,0,0,1,11,0.0043,4,1,0.00033,1,0.05,4,0,4,0.7,1,1,1,Moderate,3,2.47,1.73,1.735,0.0050000000000001155,6.33,6.94,0.6100000000000003,Moderate,Tolerable,Discretionary,93.2,Exposure % differs from affected population / population by >2 percentage points,Table 14
3.svg,7,Tingib,Liquefaction,High,5,,2556,301,3.206,137,3.206,53,134,0.0524,0.05242566510172144,2.5665101721437933e-05,2,2,0,0,1,18,0.007039999999999999,4,32,0.03593,4,6,0.00234,4,16,0.00625,4,3,0.00117,3,0.05,4,0,4,0.7,1,1,1,Moderate,3,2.37,2.48,2.185,0.29499999999999993,12.42,10.925,1.4949999999999992,Moderate,Tolerable,Discretionary,90.5,Reported consequence score differs from calculated by >0.20; Reported risk score differs from calculated by >0.75,Table 14
3.svg,8,Villa Aurora,Liquefaction,Low,3,,1217,276,1.661,133,1.661,237,1214,0.3375,0.9975349219391948,0.6600349219391948,4,4,0,0,1,227,0.18652000000000002,4,538,0.43137000000000003,4,13,0.01068,4,136,0.11175,4,0,0,1,0.3,1,0,4,0.1,3,1,1,Moderate,3,2.7,3.35,3.35,0,10.05,10.05,0,Moderate,Tolerable,Discretionary,90.5,Exposure % differs from affected population / population by >2 percentage points,Table 14
